config,sendInt,minPRR,minPRR_error,meanPRR,meanPRR_error,maxDelay,maxDelay_error,meanDelay,meanDelay_error
DSME,2.0,0.97999999999999998,0,0.99950819672131141,0,10.266982698021,0,1.1769273665000666,0
CSMA,2.0,0.92000000000000004,0,0.95836065573770479,0,0.105251578347,0,0.029092609107824661,0
