config,sendInt,minPRR,minPRR_error,meanPRR,meanPRR_error,maxDelay,maxDelay_error,meanDelay,meanDelay_error
DSME,2.0,1.0,0,1.0,0,18.371160136076,0,1.3921155097217048,0
CSMA,2.0,0.97999999999999998,0,0.99475409836065576,0,0.094124700305999995,0,0.019158548542210607,0
