configname,sendInt,minPRR,minPRR_error,meanPRR,meanPRR_error,maxDelay,maxDelay_error,meanDelay,meanDelay_error
CSMA,2.0,0.93999999999999995,0,0.98196721311475421,0,0.134218001384,0,0.030418091532592832,0
DSME,2.0,0.97999999999999998,0,0.99639344262295093,0,96.104203843891,0,0.91733035424937825,0
