config,sendInt,minPRR,minPRR_error,meanPRR,meanPRR_error,maxDelay,maxDelay_error,meanDelay,meanDelay_error
DSME,2.0,1.0,0,1.0,0,8.2472993345170007,0,1.1873049900773478,0
CSMA,2.0,0.92000000000000004,0,0.95836065573770479,0,0.105251578347,0,0.029092609107824661,0
