config,sendInt,minPRR,minPRR_error,meanPRR,meanPRR_error,maxDelay,maxDelay_error,meanDelay,meanDelay_error
DSME,2.1,1.0,0,1.0,0,10.578809500572,0,0.8429380492851658,0
CSMA,2.1,0.95999999999999996,0,0.99393442622950845,0,0.078663892873999997,0,0.018972573573309216,0
